[{
    "make": "BMW",
    "model": "1er"
  },
  {
    "make": "BMW",
    "model": "2er"
  },
  {
    "make": "BMW",
    "model": "3er"
  },
  {
    "make": "BMW",
    "model": "4er"
  },
  {
    "make": "BMW",
    "model": "5er"
  },
  {
    "make": "BMW",
    "model": "6er"
  },
  {
    "make": "BMW",
    "model": "7er"
  },
  {
    "make": "BMW",
    "model": "8er"
  },
  {
    "make": "BMW",
    "model": "i3"
  },
  {
    "make": "BMW",
    "model": "i8"
  },
  {
    "make": "BMW",
    "model": "X1"
  },
  {
    "make": "BMW",
    "model": "X3"
  },
  {
    "make": "BMW",
    "model": "X4"
  },
  {
    "make": "BMW",
    "model": "X5"
  },
  {
    "make": "BMW",
    "model": "X6"
  },
  {
    "make": "BMW",
    "model": "Z1"
  },
  {
    "make": "BMW",
    "model": "Z3"
  },
  {
    "make": "BMW",
    "model": "Z4"
  },
  {
    "make": "BMW",
    "model": "Z8"
  },
  {
    "make": "FORD",
    "model": "B-MAX"
  },
  {
    "make": "FORD",
    "model": "C-Max"
  },
  {
    "make": "FORD",
    "model": "Cougar"
  },
  {
    "make": "FORD",
    "model": "Econovan"
  },
  {
    "make": "FORD",
    "model": "ECOSPORT"
  },
  {
    "make": "FORD",
    "model": "Edge"
  },
  {
    "make": "FORD",
    "model": "Escort"
  },
  {
    "make": "FORD",
    "model": "Explorer"
  },
  {
    "make": "FORD",
    "model": "Fiesta"
  },
  {
    "make": "FORD",
    "model": "Fiesta Courier"
  },
  {
    "make": "FORD",
    "model": "Focus"
  },
  {
    "make": "FORD",
    "model": "Focus C-Max"
  },
  {
    "make": "FORD",
    "model": "Fusion"
  },
  {
    "make": "FORD",
    "model": "Galaxy"
  },
  {
    "make": "FORD",
    "model": "KA"
  },
  {
    "make": "FORD",
    "model": "Kuga"
  },
  {
    "make": "FORD",
    "model": "Maverick"
  },
  {
    "make": "FORD",
    "model": "Mondeo"
  },
  {
    "make": "FORD",
    "model": "Mustang"
  },
  {
    "make": "FORD",
    "model": "Orion"
  },
  {
    "make": "FORD",
    "model": "Probe"
  },
  {
    "make": "FORD",
    "model": "Puma"
  },
  {
    "make": "FORD",
    "model": "Scorpio"
  },
  {
    "make": "FORD",
    "model": "Sierra"
  },
  {
    "make": "FORD",
    "model": "S-Max"
  },
  {
    "make": "FORD",
    "model": "Streetka"
  },
  {
    "make": "FORD",
    "model": "Tourneo Connect"
  },
  {
    "make": "FORD",
    "model": "Tourneo Courier"
  },
  {
    "make": "FORD",
    "model": "Transit"
  },
  {
    "make": "FORD",
    "model": "Transit Connect"
  },
  {
    "make": "FORD",
    "model": "Transit Courier"
  },
  {
    "make": "FORD",
    "model": "Transit Custom"
  },
  {
    "make": "FORD",
    "model": "Windstar"
  }
]